name,HOMFLY
3_1,(2*v^2-v^4)+(v^2)*z^2
4_1,(v^(-2)-1+v^2)+(-1)*z^2
5_1,(3*v^4-2*v^6)+(4*v^4-v^6)*z^2+(v^4)*z^4
5_2,(v^2+v^4-v^6)+(v^2+v^4)*z^2
6_1,(v^(-2)-v^2+v^4)+(-1-v^2)*z^2
6_2,(2-2*v^2+v^4)+(1-3*v^2+v^4)*z^2+(-v^2)*z^4
6_3,(-v^(-2)+3-v^2)+(-v^(-2)+3-v^2)*z^2+(1)*z^4
7_1,(4*v^6-3*v^8)+(10*v^6-4*v^8)*z^2+(6*v^6-v^8)*z^4+(v^6)*z^6
7_2,(v^2+v^6-v^8)+(v^2+v^4+v^6)*z^2
7_3,(v^4+2*v^6-2*v^8)+(3*v^4+3*v^6-v^8)*z^2+(v^4+v^6)*z^4
7_4,(2*v^4-v^8)+(v^2+2*v^4+v^6)*z^2
7_5,(2*v^4-v^8)+(3*v^4+2*v^6-v^8)*z^2+(v^4+v^6)*z^4
7_6,(1-v^2+2*v^4-v^6)+(1-2*v^2+2*v^4)*z^2+(-v^2)*z^4
7_7,(v^(-4)-2*v^(-2)+2)+(-2*v^(-2)+2-v^2)*z^2+(1)*z^4
8_1,(v^(-2)-v^4+v^6)+(-1-v^2-v^4)*z^2
8_2,(3*v^2-3*v^4+v^6)+(4*v^2-7*v^4+3*v^6)*z^2+(v^2-5*v^4+v^6)*z^4+(-v^4)*z^6
8_3,(v^(-4)-1+v^4)+(-v^(-2)-2-v^2)*z^2
8_4,(v^(-4)-2+2*v^2)+(v^(-4)-2*v^(-2)-3+v^2)*z^2+(-v^(-2)-1)*z^4
8_5,(4*v^2-5*v^4+2*v^6)+(4*v^2-8*v^4+3*v^6)*z^2+(v^2-5*v^4+v^6)*z^4+(-v^4)*z^6
8_6,(2-v^2-v^4+v^6)+(1-2*v^2-2*v^4+v^6)*z^2+(-v^2-v^4)*z^4
8_7,(-2*v^(-4)+4*v^(-2)-1)+(-3*v^(-4)+8*v^(-2)-3)*z^2+(-v^(-4)+5*v^(-2)-1)*z^4+(v^(-2))*z^6
8_8,(-v^(-4)+v^(-2)+2-v^2)+(-v^(-4)+2*v^(-2)+2-v^2)*z^2+(v^(-2)+1)*z^4
8_9,(2*v^(-2)-3+2*v^2)+(3*v^(-2)-8+3*v^2)*z^2+(v^(-2)-5+v^2)*z^4+(-1)*z^6
8_10,(-3*v^(-4)+6*v^(-2)-2)+(-3*v^(-4)+9*v^(-2)-3)*z^2+(-v^(-4)+5*v^(-2)-1)*z^4+(v^(-2))*z^6
8_11,(1+v^2-2*v^4+v^6)+(1-v^2-2*v^4+v^6)*z^2+(-v^2-v^4)*z^4
8_12,(v^(-4)-v^(-2)+1-v^2+v^4)+(-2*v^(-2)+1-2*v^2)*z^2+(1)*z^4
8_13,(-v^(-4)+2*v^(-2))+(-v^(-4)+2*v^(-2)+1-v^2)*z^2+(v^(-2)+1)*z^4
8_14,(1)+(1-v^2-v^4+v^6)*z^2+(-v^2-v^4)*z^4
8_15,(v^4+3*v^6-4*v^8+v^10)+(2*v^4+5*v^6-3*v^8)*z^2+(v^4+2*v^6)*z^4
8_16,(-v^(-4)+2*v^(-2))+(-2*v^(-4)+5*v^(-2)-2)*z^2+(-v^(-4)+4*v^(-2)-1)*z^4+(v^(-2))*z^6
8_17,(v^(-2)-1+v^2)+(2*v^(-2)-5+2*v^2)*z^2+(v^(-2)-4+v^2)*z^4+(-1)*z^6
8_18,(-v^(-2)+3-v^2)+(v^(-2)-1+v^2)*z^2+(v^(-2)-3+v^2)*z^4+(-1)*z^6
8_19,(5*v^6-5*v^8+v^10)+(10*v^6-5*v^8)*z^2+(6*v^6-v^8)*z^4+(v^6)*z^6
8_20,(-2*v^(-4)+4*v^(-2)-1)+(-v^(-4)+4*v^(-2)-1)*z^2+(v^(-2))*z^4
8_21,(3*v^2-3*v^4+v^6)+(2*v^2-3*v^4+v^6)*z^2+(-v^4)*z^4
9_1,(5*v^8-4*v^10)+(20*v^8-10*v^10)*z^2+(21*v^8-6*v^10)*z^4+(8*v^8-v^10)*z^6+(v^8)*z^8
9_2,(v^2+v^8-v^10)+(v^2+v^4+v^6+v^8)*z^2
9_3,(v^6+3*v^8-3*v^10)+(6*v^6+7*v^8-4*v^10)*z^2+(5*v^6+5*v^8-v^10)*z^4+(v^6+v^8)*z^6
9_4,(-2*v^10+2*v^8+v^4)+(-v^10+3*v^8+2*v^6+3*v^4)*z^2+(v^8+v^6+v^4)*z^4
9_5,(v^4+v^6-v^10)+(v^2+2*v^4+2*v^6+v^8)*z^2
9_6,(3*v^6-v^8-v^10)+(7*v^6+3*v^8-3*v^10)*z^2+(5*v^6+4*v^8-v^10)*z^4+(v^6+v^8)*z^6
9_7,(2*v^4-v^6+v^8-v^10)+(3*v^4+v^6+2*v^8-v^10)*z^2+(v^4+v^6+v^8)*z^4
9_8,(v^(-2)-1+2*v^4-v^6)+(v^(-2)-2-v^2+2*v^4)*z^2+(-1-v^2)*z^4
9_9,(2*v^6+v^8-2*v^10)+(7*v^6+4*v^8-3*v^10)*z^2+(5*v^6+4*v^8-v^10)*z^4+(v^6+v^8)*z^6
9_10,(2*v^6+v^8-2*v^10)+(2*v^4+5*v^6+2*v^8-v^10)*z^2+(v^4+2*v^6+v^8)*z^4
9_11,(-2*v^(-8)+3*v^(-6)-v^(-4)+v^(-2))+(-v^(-8)+6*v^(-6)-4*v^(-4)+3*v^(-2))*z^2+(2*v^(-6)-4*v^(-4)+v^(-2))*z^4+(-v^(-4))*z^6
9_12,(1-v^4+2*v^6-v^8)+(1-v^2-v^4+2*v^6)*z^2+(-v^2-v^4)*z^4
9_13,(3*v^6-v^8-v^10)+(2*v^4+5*v^6+v^8-v^10)*z^2+(v^4+2*v^6+v^8)*z^4
9_14,(v^(-6)-2*v^(-4)+v^(-2)+1)+(-2*v^(-4)+v^(-2)+1-v^2)*z^2+(v^(-2)+1)*z^4
9_15,(-v^(-8)+v^(-6)+v^(-4)-v^(-2)+1)+(2*v^(-6)-v^(-2)+1)*z^2+(-v^(-4)-v^(-2))*z^4
9_16,(4*v^6-3*v^8)+(8*v^6-2*v^10)*z^2+(5*v^6+3*v^8-v^10)*z^4+(v^6+v^8)*z^6
9_17,(2*v^(-2)-3+2*v^2)+(v^(-2)-6+5*v^2-2*v^4)*z^2+(-2+4*v^2-v^4)*z^4+(v^2)*z^6
9_18,(v^4+v^6-v^10)+(2*v^4+4*v^6+v^8-v^10)*z^2+(v^4+2*v^6+v^8)*z^4
9_19,(v^(-4)-v^(-2)+v^2)+(-2*v^(-2)+v^2-v^4)*z^2+(1+v^2)*z^4
9_20,(2*v^2-2*v^4+2*v^6-v^8)+(3*v^2-5*v^4+5*v^6-v^8)*z^2+(v^2-4*v^4+2*v^6)*z^4+(-v^4)*z^6
9_21,(-v^(-8)+v^(-6)+v^(-2))+(2*v^(-6)+1)*z^2+(-v^(-4)-v^(-2))*z^4
9_22,(2*v^(-2)-4+4*v^2-v^4)+(v^(-2)-6+6*v^2-2*v^4)*z^2+(-2+4*v^2-v^4)*z^4+(v^2)*z^6
9_23,(v^4+2*v^6-2*v^8)+(2*v^4+4*v^6-v^10)*z^2+(v^4+2*v^6+v^8)*z^4
9_24,(v^(-2)-3+5*v^2-2*v^4)+(2*v^(-2)-6+6*v^2-v^4)*z^2+(v^(-2)-4+2*v^2)*z^4+(-1)*z^6
9_25,(1+v^2-3*v^4+3*v^6-v^8)+(1-4*v^4+3*v^6)*z^2+(-v^2-2*v^4)*z^4
9_26,(v^(-6)-3*v^(-4)+3*v^(-2))+(v^(-6)-5*v^(-4)+6*v^(-2)-2)*z^2+(-2*v^(-4)+4*v^(-2)-1)*z^4+(v^(-2))*z^6
9_27,(v^(-2)-2+3*v^2-v^4)+(2*v^(-2)-6+5*v^2-v^4)*z^2+(v^(-2)-4+2*v^2)*z^4+(-1)*z^6
9_28,(-1+5*v^2-4*v^4+v^6)+(-2+7*v^2-5*v^4+v^6)*z^2+(-1+4*v^2-2*v^4)*z^4+(v^2)*z^6
9_29,(-2*v^(-4)+5*v^(-2)-3+v^2)+(-2*v^(-4)+7*v^(-2)-5+v^2)*z^2+(-v^(-4)+4*v^(-2)-2)*z^4+(v^(-2))*z^6
9_30,(-v^(-4)+4*v^(-2)-4+2*v^2)+(-v^(-4)+5*v^(-2)-7+2*v^2)*z^2+(2*v^(-2)-4+v^2)*z^4+(-1)*z^6
9_31,(-1+4*v^2-2*v^4)+(-2+7*v^2-4*v^4+v^6)*z^2+(-1+4*v^2-2*v^4)*z^4+(v^2)*z^6
9_32,(v^(-6)-2*v^(-4)+v^(-2)+1)+(v^(-6)-4*v^(-4)+3*v^(-2)-1)*z^2+(-2*v^(-4)+3*v^(-2)-1)*z^4+(v^(-2))*z^6
9_33,(-v^(-4)+2*v^(-2))+(-v^(-4)+4*v^(-2)-3+v^2)*z^2+(2*v^(-2)-3+v^2)*z^4+(-1)*z^6
9_34,(v^(-2)-1+v^2)+(-v^(-4)+3*v^(-2)-4+v^2)*z^2+(v^2-3+2*v^(-2))*z^4+(-1)*z^6
9_35,(3*v^6-v^8-v^10)+(v^2+2*v^4+3*v^6+v^8)*z^2
9_36,(-2*v^(-8)+4*v^(-6)-3*v^(-4)+2*v^(-2))+(-v^(-8)+6*v^(-6)-5*v^(-4)+3*v^(-2))*z^2+(2*v^(-6)-4*v^(-4)+v^(-2))*z^4+(-v^(-4))*z^6
9_37,(v^(-4)-2+2*v^2)+(-2*v^(-2)-1+v^2-v^4)*z^2+(1+v^2)*z^4
9_38,(4*v^6-3*v^8)+(v^4+7*v^6-v^8-v^10)*z^2+(v^4+3*v^6+v^8)*z^4
9_39,(-v^(-8)+2*v^(-6)-2*v^(-4)+2*v^(-2))+(3*v^(-6)-3*v^(-4)+v^(-2)+1)*z^2+(-2*v^(-4)-v^(-2))*z^4
9_40,(2-2*v^2+v^4)+(-2*v^4+v^6)*z^2+(-1+2*v^2-2*v^4)*z^4+(v^2)*z^6
9_41,(v^(-6)-3*v^(-4)+3*v^(-2))+(-3*v^(-4)+4*v^(-2)-v^2)*z^2+(2*v^(-2)+1)*z^4
9_42,(2*v^(-2)-3+2*v^2)+(v^(-2)-4+v^2)*z^2+(-1)*z^4
9_43,(3*v^2-4*v^4+3*v^6-v^8)+(4*v^2-7*v^4+4*v^6)*z^2+(v^2-5*v^4+v^6)*z^4+(-v^4)*z^6
9_44,(v^(-2)-2+3*v^2-v^4)+(-2+3*v^2-v^4)*z^2+(v^2)*z^4
9_45,(-v^(-8)+2*v^(-6)-2*v^(-4)+2*v^(-2))+(2*v^(-6)-2*v^(-4)+2*v^(-2))*z^2+(-v^(-4))*z^4
9_46,(v^(-6)-v^(-4)-v^(-2)+2)+(-v^(-4)-v^(-2))*z^2
9_47,(1+v^2-2*v^4+v^6)+(-2+4*v^2-3*v^4)*z^2+(-1+4*v^2-v^4)*z^4+(v^2)*z^6
9_48,(-2*v^(-6)+3*v^(-4))+(3*v^(-4)-v^(-2)+1)*z^2+(-v^(-2))*z^4
9_49,(4*v^6-3*v^8)+(2*v^4+6*v^6-2*v^8)*z^2+(v^4+2*v^6)*z^4
10_1,(v^(-2)-v^6+v^8)+(-1-v^2-v^4-v^6)*z^2
10_2,(4*v^4-4*v^6+v^8)+(10*v^4-14*v^6+6*v^8)*z^2+(6*v^4-16*v^6+5*v^8)*z^4+(v^4-7*v^6+v^8)*z^6+(-v^6)*z^8
10_3,(v^(-4)-v^2+v^6)+(-v^(-2)-2-2*v^2-v^4)*z^2
10_4,(v^(-4)-2*v^2+2*v^4)+(v^(-4)-2*v^(-2)-2-3*v^2+v^4)*z^2+(-v^(-2)-1-v^2)*z^4
10_5,(-3*v^(-6)+5*v^(-4)-v^(-2))+(-7*v^(-6)+17*v^(-4)-6*v^(-2))*z^2+(-5*v^(-6)+17*v^(-4)-5*v^(-2))*z^4+(-v^(-6)+7*v^(-4)-v^(-2))*z^6+(v^(-4))*z^8
10_6,(3*v^2-2*v^4-v^6+v^8)+(4*v^2-4*v^4-4*v^6+3*v^8)*z^2+(v^2-4*v^4-4*v^6+v^8)*z^4+(-v^4-v^6)*z^6
10_7,(1+v^4-2*v^6+v^8)+(1-v^2-2*v^6+v^8)*z^2+(-v^2-v^4-v^6)*z^4
10_8,(3-3*v^2+v^6)+(4-7*v^2-3*v^4+3*v^6)*z^2+(1-5*v^2-4*v^4+v^6)*z^4+(-v^2-v^4)*z^6
10_9,(3-4*v^2+2*v^4)+(7-16*v^2+7*v^4)*z^2+(5-17*v^2+5*v^4)*z^4+(1-7*v^2+v^4)*z^6+(-v^2)*z^8
10_10,(-v^(-6)+2*v^(-4)-v^(-2)+1)+(-v^(-6)+2*v^(-4)+1-v^2)*z^2+(v^(-4)+v^(-2)+1)*z^4
10_11,(2*v^(-2)-1-v^2+v^6)+(v^(-2)-2-4*v^2-v^4+v^6)*z^2+(-1-2*v^2-v^4)*z^4
10_12,(-2*v^(-6)+2*v^(-4)+2*v^(-2)-1)+(-3*v^(-6)+5*v^(-4)+5*v^(-2)-3)*z^2+(-v^(-6)+4*v^(-4)+4*v^(-2)-1)*z^4+(v^(-4)+v^(-2))*z^6
10_13,(v^(-4)-1+v^2-v^4+v^6)+(-2*v^(-2)-1-2*v^4)*z^2+(1+v^2)*z^4
10_14,(v^2+v^4-v^6)+(3*v^2-v^4-2*v^6+2*v^8)*z^2+(v^2-3*v^4-3*v^6+v^8)*z^4+(-v^4-v^6)*z^6
10_15,(-2*v^(-4)+3*v^(-2)+1-v^2)+(-3*v^(-4)+5*v^(-2)+4-3*v^2)*z^2+(-v^(-4)+4*v^(-2)+4-v^2)*z^4+(v^(-2)+1)*z^6
10_16,(v^(-2)+1-2*v^2+v^6)+(v^(-2)-1-4*v^2-v^4+v^6)*z^2+(-1-2*v^2-v^4)*z^4
10_17,(-2*v^(-2)+5-2*v^2)+(-7*v^(-2)+16-7*v^2)*z^2+(-5*v^(-2)+17-5*v^2)*z^4+(-v^(-2)+7-v^2)*z^6+(1)*z^8
10_18,(v^(-2)-v^2+v^4)+(v^(-2)-1-3*v^2+v^6)*z^2+(-1-2*v^2-v^4)*z^4
10_19,(-v^(-2)+3-v^2)+(-3*v^(-2)+5+v^2-2*v^4)*z^2+(-v^(-2)+4+3*v^2-v^4)*z^4+(1+v^2)*z^6
10_20,(2-v^2-v^6+v^8)+(1-2*v^2-v^4-2*v^6+v^8)*z^2+(-v^2-v^4-v^6)*z^4
10_21,(v^2+2*v^4-3*v^6+v^8)+(3*v^2-5*v^6+3*v^8)*z^2+(v^2-3*v^4-4*v^6+v^8)*z^4+(-v^4-v^6)*z^6
10_22,(2*v^(-2)-1-2*v^2+2*v^4)+(3*v^(-2)-5-5*v^2+3*v^4)*z^2+(v^(-2)-4-4*v^2+v^4)*z^4+(-1-v^2)*z^6
10_23,(-2*v^(-6)+3*v^(-4))+(-3*v^(-6)+6*v^(-4)+2*v^(-2)-2)*z^2+(-v^(-6)+4*v^(-4)+3*v^(-2)-1)*z^4+(v^(-4)+v^(-2))*z^6
10_24,(1+v^2-v^4-v^6+v^8)+(1-3*v^4-v^6+v^8)*z^2+(-v^2-2*v^4-v^6)*z^4
10_25,(2*v^2-2*v^6+v^8)+(3*v^2-2*v^4-3*v^6+2*v^8)*z^2+(v^2-3*v^4-3*v^6+v^8)*z^4+(-v^4-v^6)*z^6
10_26,(v^(-2)+1-3*v^2+2*v^4)+(2*v^(-2)-2-6*v^2+3*v^4)*z^2+(v^(-2)-3-4*v^2+v^4)*z^4+(-1-v^2)*z^6
10_27,(-v^(-6)+v^(-4)+v^(-2))+(-2*v^(-6)+3*v^(-4)+3*v^(-2)-2)*z^2+(-v^(-6)+3*v^(-4)+3*v^(-2)-1)*z^4+(v^(-4)+v^(-2))*z^6
10_28,(-v^(-6)+3*v^(-2)-1)+(-v^(-6)+v^(-4)+4*v^(-2)-v^2)*z^2+(v^(-4)+2*v^(-2)+1)*z^4
10_29,(2*v^(-2)-2+v^2-v^4+v^6)+(v^(-2)-5+3*v^2-4*v^4+v^6)*z^2+(-2+3*v^2-2*v^4)*z^4+(v^2)*z^6
10_30,(2*v^2-v^4)+(1+v^2-2*v^4+v^8)*z^2+(-v^2-2*v^4-v^6)*z^4
10_31,(-v^(-4)+v^(-2)+2-v^2)+(-v^(-4)+v^(-2)+3-v^4)*z^2+(v^(-2)+2+v^2)*z^4
10_32,(v^(-2)-1+v^2)+(2*v^(-2)-3-2*v^2+2*v^4)*z^2+(v^(-2)-3-3*v^2+v^4)*z^4+(-1-v^2)*z^6
10_33,(1)+(-v^(-4)+2-v^4)*z^2+(v^(-2)+2+v^2)*z^4
10_34,(-v^(-6)+v^(-4)+2-v^2)+(-v^(-6)+2*v^(-4)+v^(-2)+2-v^2)*z^2+(v^(-4)+v^(-2)+1)*z^4
10_35,(v^(-6)-v^(-4)+1-v^2+v^4)+(-2*v^(-4)-2*v^2)*z^2+(v^(-2)+1)*z^4
10_36,(1-v^2+2*v^4-v^6)+(1-v^2+v^4-v^6+v^8)*z^2+(-v^2-v^4-v^6)*z^4
10_37,(-v^(-4)+v^(-2)+1+v^2-v^4)+(-v^(-4)+v^(-2)+3+v^2-v^4)*z^2+(v^(-2)+2+v^2)*z^4
10_38,(1+v^2-2*v^4+v^6)+(1-3*v^4+v^8)*z^2+(-v^2-2*v^4-v^6)*z^4
10_39,(2*v^2-v^4)+(3*v^2-2*v^4-2*v^6+2*v^8)*z^2+(v^2-3*v^4-3*v^6+v^8)*z^4+(-v^4-v^6)*z^6
10_40,(-v^(-6)+3*v^(-2)-1)+(-2*v^(-6)+3*v^(-4)+4*v^(-2)-2)*z^2+(-v^(-6)+3*v^(-4)+3*v^(-2)-1)*z^4+(v^(-4)+v^(-2))*z^6
10_41,(v^(-2)-1+2*v^2-2*v^4+v^6)+(v^(-2)-4+4*v^2-4*v^4+v^6)*z^2+(-2+3*v^2-2*v^4)*z^4+(v^2)*z^6
10_42,(-v^(-4)+3*v^(-2)-2+v^2)+(-v^(-4)+4*v^(-2)-5+3*v^2-v^4)*z^2+(2*v^(-2)-3+2*v^2)*z^4+(-1)*z^6
10_43,(-v^(-4)+2*v^(-2)-1+2*v^2-v^4)+(-v^(-4)+4*v^(-2)-4+4*v^2-v^4)*z^2+(2*v^(-2)-3+2*v^2)*z^4+(-1)*z^6
10_44,(v^(-2)-2+3*v^2-v^4)+(v^(-2)-4+5*v^2-3*v^4+v^6)*z^2+(-2+3*v^2-2*v^4)*z^4+(v^2)*z^6
10_45,(2*v^(-2)-3+2*v^2)+(-v^(-4)+3*v^(-2)-6+3*v^2-v^4)*z^2+(2*v^(-2)-3+2*v^2)*z^4+(-1)*z^6
10_46,(6*v^4-8*v^6+3*v^8)+(11*v^4-18*v^6+7*v^8)*z^2+(6*v^4-17*v^6+5*v^8)*z^4+(v^4-7*v^6+v^8)*z^6+(-v^6)*z^8
10_47,(-5*v^(-6)+9*v^(-4)-3*v^(-2))+(-8*v^(-6)+21*v^(-4)-7*v^(-2))*z^2+(-5*v^(-6)+18*v^(-4)-5*v^(-2))*z^4+(-v^(-6)+7*v^(-4)-v^(-2))*z^6+(v^(-4))*z^8
10_48,(-4*v^(-2)+9-4*v^2)+(-8*v^(-2)+20-8*v^2)*z^2+(-5*v^(-2)+18-5*v^2)*z^4+(-v^(-2)+7-v^2)*z^6+(1)*z^8
10_49,(v^6+5*v^8-7*v^10+2*v^12)+(4*v^6+12*v^8-10*v^10+v^12)*z^2+(4*v^6+9*v^8-3*v^10)*z^4+(v^6+2*v^8)*z^6
10_50,(2*v^2+v^4-4*v^6+2*v^8)+(3*v^2-v^4-6*v^6+3*v^8)*z^2+(v^2-3*v^4-4*v^6+v^8)*z^4+(-v^4-v^6)*z^6
10_51,(-3*v^(-6)+4*v^(-4)+v^(-2)-1)+(-3*v^(-6)+7*v^(-4)+3*v^(-2)-2)*z^2+(-v^(-6)+4*v^(-4)+3*v^(-2)-1)*z^4+(v^(-4)+v^(-2))*z^6
10_52,(-2*v^(-2)+4-v^4)+(-3*v^(-2)+6+2*v^2-2*v^4)*z^2+(-v^(-2)+4+3*v^2-v^4)*z^4+(1+v^2)*z^6
10_53,(3*v^6-3*v^10+v^12)+(v^4+6*v^6+2*v^8-3*v^10)*z^2+(v^4+3*v^6+2*v^8)*z^4
10_54,(-2*v^(-4)+2*v^(-2)+3-2*v^2)+(-3*v^(-4)+5*v^(-2)+5-3*v^2)*z^2+(-v^(-4)+4*v^(-2)+4-v^2)*z^4+(v^(-2)+1)*z^6
10_55,(v^4+v^6+v^8-3*v^10+v^12)+(2*v^4+3*v^6+3*v^8-3*v^10)*z^2+(v^4+2*v^6+2*v^8)*z^4
10_56,(2*v^2-2*v^6+v^8)+(3*v^2-2*v^4-3*v^6+2*v^8)*z^2+(v^2-3*v^4-3*v^6+v^8)*z^4+(-v^4-v^6)*z^6
10_57,(-2*v^(-6)+2*v^(-4)+2*v^(-2)-1)+(-2*v^(-6)+4*v^(-4)+4*v^(-2)-2)*z^2+(-v^(-6)+3*v^(-4)+3*v^(-2)-1)*z^4+(v^(-4)+v^(-2))*z^6
10_58,(v^(-4)-2+3*v^2-2*v^4+v^6)+(-2*v^(-2)-2+3*v^2-3*v^4)*z^2+(1+2*v^2)*z^4
10_59,(v^(-2)-2+4*v^2-3*v^4+v^6)+(v^(-2)-4+5*v^2-4*v^4+v^6)*z^2+(-2+3*v^2-2*v^4)*z^4+(v^2)*z^6
10_60,(v^(-6)-3*v^(-4)+4*v^(-2)-2+v^2)+(-3*v^(-4)+6*v^(-2)-5+v^2)*z^2+(3*v^(-2)-3+v^2)*z^4+(-1)*z^6
10_61,(4-5*v^2+v^4+v^6)+(4-8*v^2-3*v^4+3*v^6)*z^2+(1-5*v^2-4*v^4+v^6)*z^4+(-v^2-v^4)*z^6
10_62,(-4*v^(-6)+7*v^(-4)-2*v^(-2))+(-8*v^(-6)+20*v^(-4)-7*v^(-2))*z^2+(-5*v^(-6)+18*v^(-4)-5*v^(-2))*z^4+(-v^(-6)+7*v^(-4)-v^(-2))*z^6+(v^(-4))*z^8
10_63,(v^4+3*v^8-4*v^10+v^12)+(2*v^4+3*v^6+4*v^8-3*v^10)*z^2+(v^4+2*v^6+2*v^8)*z^4
10_64,(4-6*v^2+3*v^4)+(8-19*v^2+8*v^4)*z^2+(5-18*v^2+5*v^4)*z^4+(1-7*v^2+v^4)*z^6+(-v^2)*z^8
10_65,(-3*v^(-6)+5*v^(-4)-v^(-2))+(-3*v^(-6)+7*v^(-4)+2*v^(-2)-2)*z^2+(-v^(-6)+4*v^(-4)+3*v^(-2)-1)*z^4+(v^(-4)+v^(-2))*z^6
10_66,(2*v^6+2*v^8-4*v^10+v^12)+(5*v^6+9*v^8-8*v^10+v^12)*z^2+(4*v^6+8*v^8-3*v^10)*z^4+(v^6+2*v^8)*z^6
10_67,(1)+(1-2*v^4+v^8)*z^2+(-v^2-2*v^4-v^6)*z^4
10_68,(-v^(-6)+v^(-4)+v^(-2))+(-v^(-6)+v^(-4)+3*v^(-2)-v^2)*z^2+(v^(-4)+2*v^(-2)+1)*z^4
10_69,(-v^(-8)+2*v^(-6)-2*v^(-4)+2*v^(-2))+(3*v^(-6)-5*v^(-4)+5*v^(-2)-1)*z^2+(-3*v^(-4)+3*v^(-2)-1)*z^4+(v^(-2))*z^6
10_70,(v^(-6)-2*v^(-4)+3*v^(-2)-3+2*v^2)+(v^(-6)-4*v^(-4)+4*v^(-2)-5+v^2)*z^2+(-2*v^(-4)+3*v^(-2)-2)*z^4+(v^(-2))*z^6
10_71,(-v^(-4)+3*v^(-2)-3+3*v^2-v^4)+(-v^(-4)+4*v^(-2)-5+4*v^2-v^4)*z^2+(2*v^(-2)-3+2*v^2)*z^4+(-1)*z^6
10_72,(2*v^2-2*v^4+2*v^6-v^8)+(3*v^2-3*v^4+v^6+v^8)*z^2+(v^2-3*v^4-2*v^6+v^8)*z^4+(-v^4-v^6)*z^6
10_73,(-v^(-8)+3*v^(-6)-4*v^(-4)+3*v^(-2))+(3*v^(-6)-6*v^(-4)+5*v^(-2)-1)*z^2+(-3*v^(-4)+3*v^(-2)-1)*z^4+(v^(-2))*z^6
10_74,(2*v^2-2*v^6+v^8)+(1+v^2-2*v^4-v^6+v^8)*z^2+(-v^2-2*v^4-v^6)*z^4
10_75,(v^(-6)-3*v^(-4)+3*v^(-2))+(-3*v^(-4)+6*v^(-2)-4+v^2)*z^2+(3*v^(-2)-3+v^2)*z^4+(-1)*z^6
10_76,(4*v^2-4*v^4+v^8)+(4*v^2-6*v^4-2*v^6+2*v^8)*z^2+(v^2-4*v^4-3*v^6+v^8)*z^4+(-v^4-v^6)*z^6
10_77,(-v^(-6)-v^(-4)+5*v^(-2)-2)+(-2*v^(-6)+2*v^(-4)+7*v^(-2)-3)*z^2+(-v^(-6)+3*v^(-4)+4*v^(-2)-1)*z^4+(v^(-4)+v^(-2))*z^6
10_78,(v^2-v^4+4*v^6-4*v^8+v^10)+(2*v^2-3*v^4+7*v^6-3*v^8)*z^2+(v^2-3*v^4+3*v^6)*z^4+(-v^4)*z^6
10_79,(-5*v^(-2)+11-5*v^2)+(-9*v^(-2)+23-9*v^2)*z^2+(-5*v^(-2)+19-5*v^2)*z^4+(-v^(-2)+7-v^2)*z^6+(1)*z^8
10_80,(2*v^6+3*v^8-6*v^10+2*v^12)+(5*v^6+9*v^8-9*v^10+v^12)*z^2+(4*v^6+8*v^8-3*v^10)*z^4+(v^6+2*v^8)*z^6
10_81,(-v^(-4)+v^(-2)+1+v^2-v^4)+(-v^(-4)+3*v^(-2)-1+3*v^2-v^4)*z^2+(2*v^(-2)-2+2*v^2)*z^4+(-1)*z^6
10_82,(1)+(4-8*v^2+4*v^4)*z^2+(4-12*v^2+4*v^4)*z^4+(1-6*v^2+v^4)*z^6+(-v^2)*z^8
10_83,(-v^(-6)+2*v^(-4)-v^(-2)+1)+(-2*v^(-6)+4*v^(-4)-1)*z^2+(-v^(-6)+3*v^(-4)+2*v^(-2)-1)*z^4+(v^(-4)+v^(-2))*z^6
10_84,(-1+4*v^2-2*v^4)+(-2+5*v^2-v^6)*z^2+(-1+3*v^2+2*v^4-v^6)*z^4+(v^2+v^4)*z^6
10_85,(-v^(-6)+v^(-4)+v^(-2))+(-4*v^(-6)+9*v^(-4)-3*v^(-2))*z^2+(-4*v^(-6)+12*v^(-4)-4*v^(-2))*z^4+(-v^(-6)+6*v^(-4)-v^(-2))*z^6+(v^(-4))*z^8
10_86,(2-2*v^2+v^4)+(v^(-2)-4*v^2+2*v^4)*z^2+(v^(-2)-2-3*v^2+v^4)*z^4+(-1-v^2)*z^6
10_87,(v^(-2)-2+3*v^2-v^4)+(2*v^(-2)-4+v^2+v^4)*z^2+(v^(-2)-3-2*v^2+v^4)*z^4+(-1-v^2)*z^6
10_88,(v^(-2)-1+v^2)+(-v^(-4)+2*v^(-2)-3+2*v^2-v^4)*z^2+(2*v^(-2)-2+2*v^2)*z^4+(-1)*z^6
10_89,(-v^(-8)+2*v^(-6)-v^(-4)+1)+(3*v^(-6)-4*v^(-4)+2*v^(-2))*z^2+(-3*v^(-4)+2*v^(-2)-1)*z^4+(v^(-2))*z^6
10_90,(2*v^(-2)-2+v^4)+(2*v^(-2)-4-3*v^2+2*v^4)*z^2+(v^(-2)-3-3*v^2+v^4)*z^4+(-1-v^2)*z^6
10_91,(-2*v^(-2)+5-2*v^2)+(-5*v^(-2)+12-5*v^2)*z^2+(-4*v^(-2)+13-4*v^2)*z^4+(-v^(-2)+6-v^2)*z^6+(1)*z^8
10_92,(v^2+v^4-v^6)+(2*v^2-v^6+v^8)*z^2+(v^2-2*v^4-2*v^6+v^8)*z^4+(-v^4-v^6)*z^6
10_93,(-v^(-4)+2*v^(-2))+(-2*v^(-4)+3*v^(-2)+2-2*v^2)*z^2+(-v^(-4)+3*v^(-2)+3-v^2)*z^4+(v^(-2)+1)*z^6
10_94,(3-4*v^2+2*v^4)+(5-12*v^2+5*v^4)*z^2+(4-13*v^2+4*v^4)*z^4+(1-6*v^2+v^4)*z^6+(-v^2)*z^8
10_95,(-2*v^(-6)+3*v^(-4))+(-2*v^(-6)+5*v^(-4)+v^(-2)-1)*z^2+(-v^(-6)+3*v^(-4)+2*v^(-2)-1)*z^4+(v^(-4)+v^(-2))*z^6
10_96,(v^(-6)-2*v^(-4)+3*v^(-2)-3+2*v^2)+(-3*v^(-4)+5*v^(-2)-6+v^2)*z^2+(3*v^(-2)-3+v^2)*z^4+(-1)*z^6
10_97,(2*v^2-2*v^4+2*v^6-v^8)+(1+2*v^2-4*v^4+2*v^6+v^8)*z^2+(-v^2-3*v^4-v^6)*z^4
10_98,(v^2+3*v^4-5*v^6+2*v^8)+(2*v^2+v^4-5*v^6+2*v^8)*z^2+(v^2-2*v^4-3*v^6+v^8)*z^4+(-v^4-v^6)*z^6
10_99,(-4*v^(-2)+9-4*v^2)+(-6*v^(-2)+16-6*v^2)*z^2+(-4*v^(-2)+14-4*v^2)*z^4+(-v^(-2)+6-v^2)*z^6+(1)*z^8
10_100,(-3*v^(-6)+5*v^(-4)-v^(-2))+(-5*v^(-6)+13*v^(-4)-4*v^(-2))*z^2+(-4*v^(-6)+13*v^(-4)-4*v^(-2))*z^4+(-v^(-6)+6*v^(-4)-v^(-2))*z^6+(v^(-4))*z^8
10_101,(2*v^6+2*v^8-4*v^10+v^12)+(v^4+5*v^6+5*v^8-4*v^10)*z^2+(v^4+3*v^6+3*v^8)*z^4
10_102,(v^(-2)-v^2+v^4)+(2*v^(-2)-3-3*v^2+2*v^4)*z^2+(v^(-2)-3-3*v^2+v^4)*z^4+(-1-v^2)*z^6
10_103,(-v^(-6)+3*v^(-2)-1)+(-2*v^(-6)+3*v^(-4)+4*v^(-2)-2)*z^2+(-v^(-6)+3*v^(-4)+3*v^(-2)-1)*z^4+(v^(-4)+v^(-2))*z^6
10_104,(-v^(-2)+3-v^2)+(-5*v^(-2)+11-5*v^2)*z^2+(-4*v^(-2)+13-4*v^2)*z^4+(-v^(-2)+6-v^2)*z^6+(1)*z^8
10_105,(v^(-2)-1+v^2)+(v^(-2)-3+2*v^2-2*v^4+v^6)*z^2+(-2+2*v^2-2*v^4)*z^4+(v^2)*z^6
10_106,(2-2*v^2+v^4)+(5-11*v^2+5*v^4)*z^2+(4-13*v^2+4*v^4)*z^4+(1-6*v^2+v^4)*z^6+(-v^2)*z^8
10_107,(-v^(-4)+2*v^(-2))+(-v^(-4)+3*v^(-2)-2+2*v^2-v^4)*z^2+(2*v^(-2)-2+2*v^2)*z^4+(-1)*z^6
10_108,(1)+(-2*v^(-2)+2+2*v^2-2*v^4)*z^2+(-v^(-2)+3+3*v^2-v^4)*z^4+(1+v^2)*z^6
10_109,(-3*v^(-2)+7-3*v^2)+(-6*v^(-2)+15-6*v^2)*z^2+(-4*v^(-2)+14-4*v^2)*z^4+(-v^(-2)+6-v^2)*z^6+(1)*z^8
10_110,(v^(-2)-v^4+v^6)+(v^(-2)-3+v^2-3*v^4+v^6)*z^2+(-2+2*v^2-2*v^4)*z^4+(v^2)*z^6
10_111,(v^2+2*v^4-3*v^6+v^8)+(2*v^2+v^4-4*v^6+2*v^8)*z^2+(v^2-2*v^4-3*v^6+v^8)*z^4+(-v^4-v^6)*z^6
10_112,(-2*v^(-4)+4*v^(-2)-1)+(v^(-4)+1)*z^2+(3*v^(-4)-7*v^(-2)+3)*z^4+(v^(-4)-5*v^(-2)+1)*z^6+(-v^(-2))*z^8
10_113,(3*v^2-3*v^4+v^6)+(-1+3*v^2-2*v^4)*z^2+(-1+2*v^2+v^4-v^6)*z^4+(v^2+v^4)*z^6
10_114,(-v^(-4)+2*v^(-2))+(v^(-4)-1+v^2)*z^2+(v^(-4)-2*v^(-2)-2+v^2)*z^4+(-v^(-2)-1)*z^6
10_115,(-v^(-2)+3-v^2)+(-v^(-4)+v^(-2)+1+v^2-v^4)*z^2+(2*v^(-2)-1+2*v^2)*z^4+(-1)*z^6
10_116,(1)+(2*v^(-4)-4*v^(-2)+2)*z^2+(3*v^(-4)-8*v^(-2)+3)*z^4+(v^(-4)-5*v^(-2)+1)*z^6+(-v^(-2))*z^8
10_117,(-v^(-6)+v^(-4)+v^(-2))+(-v^(-6)+2*v^(-4)+2*v^(-2)-1)*z^2+(-v^(-6)+2*v^(-4)+2*v^(-2)-1)*z^4+(v^(-4)+v^(-2))*z^6
10_118,(1)+(-2*v^(-2)+4-2*v^2)*z^2+(-3*v^(-2)+8-3*v^2)*z^4+(-v^(-2)+5-v^2)*z^6+(1)*z^8
10_119,(v^(-2)-1+v^2)+(v^(-4)-v^(-2)-2+v^2)*z^2+(v^(-4)-2*v^(-2)-2+v^2)*z^4+(-v^(-2)-1)*z^6
10_120,(3*v^6-3*v^10+v^12)+(7*v^6+3*v^8-4*v^10)*z^2+(v^4+4*v^6+3*v^8)*z^4
10_121,(1-v^2+2*v^4-v^6)+(-v^2+3*v^4-v^6)*z^2+(-1+v^2+2*v^4-v^6)*z^4+(v^2+v^4)*z^6
10_122,(-2*v^(-4)+4*v^(-2)-1)+(3*v^(-2)-2+v^2)*z^2+(v^(-4)-v^(-2)-2+v^2)*z^4+(-v^(-2)-1)*z^6
10_123,(2*v^(-2)-3+2*v^2)+(v^(-2)-4+v^2)*z^2+(-2*v^(-2)+3-2*v^2)*z^4+(-v^(-2)+4-v^2)*z^6+(1)*z^8
10_124,(7*v^8-8*v^10+2*v^12)+(21*v^8-14*v^10+v^12)*z^2+(21*v^8-7*v^10)*z^4+(8*v^8-v^10)*z^6+(v^8)*z^8
10_125,(-3*v^(-2)+7-3*v^2)+(-4*v^(-2)+11-4*v^2)*z^2+(-v^(-2)+6-v^2)*z^4+(1)*z^6
10_126,(-4*v^(-6)+7*v^(-4)-2*v^(-2))+(-4*v^(-6)+12*v^(-4)-3*v^(-2))*z^2+(-v^(-6)+6*v^(-4)-v^(-2))*z^4+(v^(-4))*z^6
10_127,(5*v^4-6*v^6+2*v^8)+(7*v^4-9*v^6+3*v^8)*z^2+(2*v^4-5*v^6+v^8)*z^4+(-v^6)*z^6
10_128,(2*v^6+2*v^8-4*v^10+v^12)+(6*v^6+6*v^8-5*v^10)*z^2+(5*v^6+5*v^8-v^10)*z^4+(v^6+v^8)*z^6
10_129,(-v^(-2)+2+v^2-v^4)+(-v^(-2)+2+2*v^2-v^4)*z^2+(1+v^2)*z^4
10_130,(-2*v^(-6)+2*v^(-4)+2*v^(-2)-1)+(-v^(-6)+3*v^(-4)+3*v^(-2)-1)*z^2+(v^(-4)+v^(-2))*z^4
10_131,(2*v^2-2*v^6+v^8)+(2*v^2-v^4-2*v^6+v^8)*z^2+(-v^4-v^6)*z^4
10_132,(-2*v^(-6)+3*v^(-4))+(-v^(-6)+4*v^(-4))*z^2+(v^(-4))*z^4
10_133,(v^2+2*v^4-3*v^6+v^8)+(v^2+2*v^4-3*v^6+v^8)*z^2+(-v^6)*z^4
10_134,(3*v^6-3*v^10+v^12)+(7*v^6+3*v^8-4*v^10)*z^2+(5*v^6+4*v^8-v^10)*z^4+(v^6+v^8)*z^6
10_135,(-2*v^(-2)+4-v^4)+(-2*v^(-2)+5+v^2-v^4)*z^2+(2+v^2)*z^4
10_136,(-v^(-4)+3*v^(-2)-2+v^2)+(2*v^(-2)-3+v^2)*z^2+(-1)*z^4
10_137,(v^(-2)-1+2*v^2-2*v^4+v^6)+(-2+2*v^2-2*v^4)*z^2+(v^2)*z^4
10_138,(2*v^(-2)-3+3*v^2-2*v^4+v^6)+(v^(-2)-6+5*v^2-3*v^4)*z^2+(-2+4*v^2-v^4)*z^4+(v^2)*z^6
10_139,(6*v^8-6*v^10+v^12)+(21*v^8-13*v^10+v^12)*z^2+(21*v^8-7*v^10)*z^4+(8*v^8-v^10)*z^6+(v^8)*z^8
10_140,(1-2*v^2+4*v^4-2*v^6)+(-v^2+4*v^4-v^6)*z^2+(v^4)*z^4
10_141,(2-2*v^2+v^4)+(3-7*v^2+3*v^4)*z^2+(1-5*v^2+v^4)*z^4+(-v^2)*z^6
10_142,(v^6+4*v^8-5*v^10+v^12)+(6*v^6+7*v^8-5*v^10)*z^2+(5*v^6+5*v^8-v^10)*z^4+(v^6+v^8)*z^6
10_143,(-2*v^(-6)+3*v^(-4))+(-3*v^(-6)+8*v^(-4)-2*v^(-2))*z^2+(-v^(-6)+5*v^(-4)-v^(-2))*z^4+(v^(-4))*z^6
10_144,(3-4*v^2+2*v^4)+(2-5*v^2+v^6)*z^2+(-2*v^2-v^4)*z^4
10_145,(-v^(-10)+v^(-8)-v^(-6)+2*v^(-4))+(v^(-8)+4*v^(-4))*z^2+(v^(-4))*z^4
10_146,(1)+(-v^(-4)+v^(-2)+1-v^2)*z^2+(v^(-2)+1)*z^4
10_147,(v^(-2)-1+v^2)+(v^(-2)-2-v^2+v^4)*z^2+(-1-v^2)*z^4
10_148,(-3*v^(-6)+5*v^(-4)-v^(-2))+(-3*v^(-6)+9*v^(-4)-2*v^(-2))*z^2+(-v^(-6)+5*v^(-4)-v^(-2))*z^4+(v^(-4))*z^6
10_149,(4*v^4-4*v^6+v^8)+(6*v^4-6*v^6+2*v^8)*z^2+(2*v^4-4*v^6+v^8)*z^4+(-v^6)*z^6
10_150,(2*v^2-v^4)+(3*v^2-4*v^4+2*v^6)*z^2+(v^2-4*v^4+v^6)*z^4+(-v^4)*z^6
10_151,(-v^(-6)+3*v^(-2)-1)+(-v^(-4)+6*v^(-2)-2)*z^2+(-v^(-4)+4*v^(-2)-1)*z^4+(v^(-2))*z^6
10_152,(8*v^8-10*v^10+3*v^12)+(22*v^8-17*v^10+2*v^12)*z^2+(21*v^8-8*v^10)*z^4+(8*v^8-v^10)*z^6+(v^8)*z^8
10_153,(-v^(-4)-v^(-2)+6-3*v^2)+(-v^(-4)-v^(-2)+10-4*v^2)*z^2+(6-v^2)*z^4+(1)*z^6
10_154,(4*v^6-2*v^8-2*v^10+v^12)+(9*v^6-2*v^8-2*v^10)*z^2+(6*v^6)*z^4+(v^6)*z^6
10_155,(2*v^(-4)-4*v^(-2)+3)+(3*v^(-4)-8*v^(-2)+3)*z^2+(v^(-4)-5*v^(-2)+1)*z^4+(-v^(-2))*z^6
10_156,(-v^(-4)+2*v^(-2))+(-2*v^(-4)+5*v^(-2)-2)*z^2+(-v^(-4)+4*v^(-2)-1)*z^4+(v^(-2))*z^6
10_157,(-v^(-8)+2*v^(-4))+(v^(-8)-2*v^(-6)+5*v^(-4))*z^2+(v^(-8)-3*v^(-6)+2*v^(-4))*z^4+(-v^(-6))*z^6
10_158,(2*v^(-2)-2+v^4)+(2*v^(-2)-6+v^2)*z^2+(v^(-2)-4+v^2)*z^4+(-1)*z^6
10_159,(v^2+v^4-v^6)+(-v^2+5*v^4-2*v^6)*z^2+(-v^2+4*v^4-v^6)*z^4+(v^4)*z^6
10_160,(v^2+v^6-v^8)+(3*v^2-3*v^4+3*v^6)*z^2+(v^2-4*v^4+v^6)*z^4+(-v^4)*z^6
10_161,(3*v^6-v^8-v^10)+(9*v^6-v^8-v^10)*z^2+(6*v^6)*z^4+(v^6)*z^6
10_162,(v^(-6)-3*v^(-2)+3)+(v^(-6)-v^(-4)-5*v^(-2)+2)*z^2+(-v^(-4)-2*v^(-2))*z^4
10_163,(1-v^2+2*v^4-v^6)+(-1+2*v^2)*z^2+(-1+3*v^2-v^4)*z^4+(v^2)*z^6
10_164,(-v^(-2)+3-v^2)+(-v^(-4)+4-2*v^2)*z^2+(v^(-2)+2)*z^4
10_165,(-v^(-6)+v^(-4)+v^(-2))+(v^(-8)-v^(-6)+2*v^(-2))*z^2+(-v^(-6)-v^(-4))*z^4
